1,117,0x4cadecc51feb5c1f6d9a902ecc817a1b8c2246f9,mev-bot,contract/address,mev-bot
2,117,0x9a0ef593dcc6a77f80699c9fa00d1e138b67d832,mev-bot,contract/address,mev-bot
3,117,0x3b64216ad1a58f61538b4fa1b27327675ab7ed67,mev-builder,contract/address,mev-builder
4,117,0xb4247d5978060387c0fe91d13a90d5711f65b7ce,mev-bot,contract/address,mev-bot
5,117,0xd911560979b78821d7b045c79e36e9cbfc2f6c6f,mev-bot,contract/address,mev-bot
6,117,0x57af10ed3469b2351ae60175d3c9b3740e1bb649,mev-builder,contract/address,mev-builder
7,117,0xeeaa83b2d581a3a790774d4dae7bf354fffe3376,mev-bot,contract/address,mev-bot
8,117,0x25d88437df70730122b73ef35462435d187c466f,mev-builder,contract/address,mev-builder
9,117,0x000000000dfde7deaf24138722987c9a6991e2d4,mev-bot,contract/address,mev-bot
10,117,0xae08c571e771f360c35f5715e36407ecc89d91ed,mev-builder,contract/address,mev-builder
11,117,0x6f87f1fbf96c1bb0b0cc9bf6a456566919900d3e,mev-bot,contract/address,mev-bot
12,117,0x1b63142628311395ceafeea5667e7c9026c862ca,mev-builder,contract/address,mev-builder
13,117,0x2ed5003ebb8c00002c20000d00004b3500f4398b,mev-bot,contract/address,mev-bot
14,117,0x3c496df419762533607f30bb2143aff77bebc36a,mev-builder,contract/address,mev-builder
15,117,0x0000000000590b74eb97457bf7b3ff6d63c6fde2,mev-bot,contract/address,mev-bot
16,117,0x3bee5122e2a2fbe11287aafb0cb918e22abb5436,mev-builder,contract/address,mev-builder
17,117,0x52a8aa269bea924379d08945c351232c5cc41581,mev-bot,contract/address,mev-bot
18,117,0x00000000000747d525e898424e8774f7eb317d00,mev-bot,contract/address,mev-bot
19,117,0x52ca1cb9fc6fbd1cfe5630e74de8738b517a367a,mev-bot,contract/address,mev-bot
20,117,0xd1a0b5843f384f92a6759015c742fc12d1d579a1,mev-builder,contract/address,mev-builder
21,117,0x5050e08626c499411b5d0e0b5af0e83d3fd82edf,mev-bot,contract/address,mev-bot
22,117,0x0c3de458b51a11da7d4616f42f66c861e3859d3e,mev-bot,contract/address,mev-bot
23,117,0xd8c07491caa1edf960db3ceff387426d53942ea0,mev-bot,contract/address,mev-bot
24,117,0x2f1d79860cf6ea3f4b3b734153b52815773c0638,mev-bot,contract/address,mev-bot
25,117,0xbaf6dc2e647aeb6f510f9e318856a1bcd66c5e19,mev-builder,contract/address,mev-builder
26,117,0x8f44e22ac221cc25a46289d1c307d4f34a4dd6c2,mev-bot,contract/address,mev-bot
27,117,0x775c559d9a48ce5a8444c1035c3a8921ab477b8e,mev-bot,contract/address,mev-bot
28,117,0xbf61595c0f53f01e92cc210663dccd7ab237b1d9,mev-bot,contract/address,mev-bot
29,117,0x0055ae46f700bcc53b1b00483d64000d47007200,mev-bot,contract/address,mev-bot
30,117,0x81153f0889ab398c4acb42cb58b565a5392bba95,mev-bot,contract/address,mev-bot
31,117,0x229b8325bb9ac04602898b7e8989998710235d5f,mev-builder,contract/address,mev-builder
32,117,0xbd3afb0bb76683ecb4225f9dbc91f998713c3b01,mev-builder,contract/address,mev-builder
33,117,0x3b7faec3181114a99c243608bc822c5436441fff,mev-builder,contract/address,mev-builder
34,117,0x1f9090aae28b8a3dceadf281b0f12828e676c326,mev-builder,contract/address,mev-builder
35,117,0x95222290dd7278aa3ddd389cc1e1d165cc4bafe5,mev-builder,contract/address,mev-builder
36,117,0xce0babc8398144aa98d9210d595e3a9714910748,mev-builder,contract/address,mev-builder
37,117,0xd2090025857b9c7b24387741f120538e928a3a59,mev-builder,contract/address,mev-builder
38,117,0x690b9a9e9aa1c9db991c7721a92d351db4fac990,mev-builder,contract/address,mev-builder
39,117,0xc9d945721ed37c6451e457b3c7f1e0cec42417fb,mev-builder,contract/address,mev-builder
40,117,0xfeebabe6b0418ec13b30aadf129f5dcdd4f70cea,mev-builder,contract/address,mev-builder
41,117,0x4a137fd5e7a256ef08a7de531a17d0be0cc7b6b6,dapp,general_contract,mev bot
42,117,0xb91d9b045f8a64bca4c69625b00001109932be34,dapp,general_contract,mev bot
43,117,0x0000000000007f150bd6f54c40a34d7c3d5e9f56,dapp,general_contract,mev bot
44,117,0x4fce027bc57d7530b84527f4848983cece4df15e,dapp,general_contract,mev bot
45,117,0x0000000099cb7fc48a935bceb9f05bbae54e8987,dapp,general_contract,mev bot
46,117,0xc4595e3966e0ce6e3c46854647611940a09448d3,dapp,general_contract,mev bot
47,117,0x98c3d3183c4b8a650614ad179a1a98be0a8d6b8e,dapp,general_contract,mev bot